Order,NTRA0001_,GLUA0007_,HISA0015_,TYRA0020_,GLUA0035_,ASPA0048_,ASPA0052_,ASPA0066_,ASPA0101_,ASPA0018_,TYRA0023_,TYRA0053_,ASPA0087_,ASPA0119_,CTRA0129_,Count,Occupancy,Sum_crg_protein
1.0,0.0,-1.0,0.0,0.0,-1.0,-1.0,-1.0,-1.0,-1.0,-1,0,0,-1,-1,-1,633591.0,0.528,7.0
2.0,0.0,-1.0,1.0,0.0,-1.0,-1.0,-1.0,-1.0,-1.0,-1,0,0,-1,-1,-1,364064.0,0.303,8.0
3.0,1.0,-1.0,0.0,0.0,-1.0,-1.0,-1.0,-1.0,-1.0,-1,0,0,-1,-1,-1,118055.0,0.098,8.0
4.0,1.0,-1.0,1.0,0.0,-1.0,-1.0,-1.0,-1.0,-1.0,-1,0,0,-1,-1,-1,58285.0,0.049,9.0
5.0,0.0,-1.0,0.0,0.0,0.0,-1.0,-1.0,-1.0,-1.0,-1,0,0,-1,-1,-1,8630.0,0.007,8.0
6.0,0.0,-1.0,1.0,0.0,0.0,-1.0,-1.0,-1.0,-1.0,-1,0,0,-1,-1,-1,3852.0,0.003,9.0
13.0,0.0,-1.0,0.0,0.0,-1.0,-1.0,-1.0,-1.0,-1.0,-1,0,0,-1,-1,-1,2449.0,0.002,6.0
9.0,0.0,-1.0,0.0,0.0,-1.0,-1.0,-1.0,-1.0,-1.0,-1,0,0,-1,-1,-1,2408.0,0.002,6.0
10.0,0.0,-1.0,1.0,0.0,-1.0,-1.0,-1.0,-1.0,-1.0,-1,0,0,-1,-1,-1,1831.0,0.002,7.0
7.0,1.0,-1.0,0.0,0.0,0.0,-1.0,-1.0,-1.0,-1.0,-1,0,0,-1,-1,-1,1521.0,0.001,9.0
11.0,0.0,-1.0,1.0,0.0,-1.0,-1.0,-1.0,-1.0,-1.0,-1,0,0,-1,-1,-1,1195.0,0.001,7.0
14.0,1.0,-1.0,0.0,0.0,-1.0,-1.0,-1.0,-1.0,-1.0,-1,0,0,-1,-1,-1,524.0,0.0,7.0
19.0,0.0,-1.0,1.0,0.0,-1.0,-1.0,-1.0,-1.0,-1.0,-1,0,0,-1,-1,-1,504.0,0.0,7.0
15.0,0.0,-1.0,0.0,0.0,-1.0,-1.0,-1.0,-1.0,0.0,-1,0,0,-1,-1,-1,490.0,0.0,8.0
18.0,0.0,-1.0,1.0,0.0,-1.0,-1.0,-1.0,-1.0,0.0,-1,0,0,-1,-1,-1,478.0,0.0,9.0
16.0,1.0,-1.0,0.0,0.0,-1.0,-1.0,-1.0,-1.0,-1.0,-1,0,0,-1,-1,-1,442.0,0.0,7.0
8.0,1.0,-1.0,1.0,0.0,0.0,-1.0,-1.0,-1.0,-1.0,-1,0,0,-1,-1,-1,347.0,0.0,10.0
21.0,0.0,-1.0,0.0,0.0,-1.0,-1.0,-1.0,-1.0,-1.0,-1,0,0,-1,-1,-1,326.0,0.0,6.0
12.0,1.0,-1.0,1.0,0.0,-1.0,-1.0,-1.0,-1.0,-1.0,-1,0,0,-1,-1,-1,315.0,0.0,8.0
17.0,1.0,-1.0,1.0,0.0,-1.0,-1.0,-1.0,-1.0,-1.0,-1,0,0,-1,-1,-1,189.0,0.0,8.0
20.0,1.0,-1.0,0.0,0.0,-1.0,-1.0,-1.0,-1.0,0.0,-1,0,0,-1,-1,-1,140.0,0.0,9.0
24.0,0.0,0.0,0.0,0.0,-1.0,-1.0,-1.0,-1.0,-1.0,-1,0,0,-1,-1,-1,102.0,0.0,8.0
26.0,0.0,-1.0,0.0,0.0,0.0,-1.0,-1.0,-1.0,-1.0,-1,0,0,-1,-1,-1,61.0,0.0,7.0
28.0,1.0,-1.0,1.0,0.0,-1.0,-1.0,-1.0,-1.0,-1.0,-1,0,0,-1,-1,-1,58.0,0.0,8.0
25.0,1.0,-1.0,1.0,0.0,-1.0,-1.0,-1.0,-1.0,0.0,-1,0,0,-1,-1,-1,31.0,0.0,10.0
22.0,1.0,-1.0,0.0,0.0,-1.0,-1.0,-1.0,-1.0,-1.0,-1,0,0,-1,-1,-1,30.0,0.0,7.0
23.0,0.0,-1.0,1.0,0.0,0.0,-1.0,-1.0,-1.0,-1.0,-1,0,0,-1,-1,-1,28.0,0.0,8.0
29.0,1.0,-1.0,0.0,0.0,-1.0,-1.0,-1.0,-1.0,0.0,-1,0,0,-1,-1,-1,28.0,0.0,8.0
30.0,1.0,-1.0,1.0,0.0,-1.0,-1.0,-1.0,-1.0,-1.0,-1,0,0,-1,-1,-1,19.0,0.0,7.0
27.0,0.0,0.0,1.0,0.0,-1.0,-1.0,-1.0,-1.0,-1.0,-1,0,0,-1,-1,-1,7.0,0.0,9.0
